n_files,file_name,shape,fold,seed,score
0,5a0546857ecc773753327266_train.csv,"(9296, 3401)",0,1234,3.6649514659161233
0,5a0546857ecc773753327266_train.csv,"(9296, 3401)",1,1234,3.6368945854908827
0,5a0546857ecc773753327266_train.csv,"(9296, 3401)",2,1234,3.7222711821451315
0,5a0546857ecc773753327266_train.csv,"(9296, 3401)",3,1234,3.874888937253632
0,5a0546857ecc773753327266_train.csv,"(9296, 3401)",4,1234,3.3840730751290384
0,5a0546857ecc773753327266_train.csv,"(9296, 3401)",5,1234,3.8365742840988455
0,5a0546857ecc773753327266_train.csv,"(9296, 3401)",6,1234,3.561976092075051
0,5a0546857ecc773753327266_train.csv,"(9296, 3401)",7,1234,3.8504975595740993
0,5a0546857ecc773753327266_train.csv,"(9296, 3401)",8,1234,3.7594698258898873
0,5a0546857ecc773753327266_train.csv,"(9296, 3401)",9,1234,3.6855935798105874
0,5a0546857ecc773753327266_train.csv,"(9296, 3401)",10,1234,3.7038887412546835
0,5a0546857ecc773753327266_train.csv,"(9296, 3401)",11,1234,4.049890799171363
0,5a0546857ecc773753327266_train.csv,"(9296, 3401)",12,1234,3.8934085784064902
0,5a0546857ecc773753327266_train.csv,"(9296, 3401)",13,1234,3.365717138076189
0,5a0546857ecc773753327266_train.csv,"(9296, 3401)",14,1234,3.7645721624804547
0,5a0546857ecc773753327266_train.csv,"(9296, 3401)",15,1234,3.781259985705717
0,5a0546857ecc773753327266_train.csv,"(9296, 3401)",16,1234,3.566359227231771
0,5a0546857ecc773753327266_train.csv,"(9296, 3401)",17,1234,3.6152755585852145
0,5a0546857ecc773753327266_train.csv,"(9296, 3401)",18,1234,3.713051340312901
0,5a0546857ecc773753327266_train.csv,"(9296, 3401)",19,1234,3.6799612356950187
0,5a0546857ecc773753327266_train.csv,"(9296, 3401)",999,1234,3.705555388596074
1,5c3c44b80379370013e0fd2b_train.csv,"(9737, 3067)",0,1234,4.698867859461602
1,5c3c44b80379370013e0fd2b_train.csv,"(9737, 3067)",1,1234,4.343222556494959
1,5c3c44b80379370013e0fd2b_train.csv,"(9737, 3067)",2,1234,4.698102455592398
1,5c3c44b80379370013e0fd2b_train.csv,"(9737, 3067)",3,1234,5.2435782090672385
1,5c3c44b80379370013e0fd2b_train.csv,"(9737, 3067)",4,1234,4.508435949826468
1,5c3c44b80379370013e0fd2b_train.csv,"(9737, 3067)",5,1234,4.777827082515113
1,5c3c44b80379370013e0fd2b_train.csv,"(9737, 3067)",6,1234,4.808699387832433
1,5c3c44b80379370013e0fd2b_train.csv,"(9737, 3067)",7,1234,4.8625206423830925
1,5c3c44b80379370013e0fd2b_train.csv,"(9737, 3067)",8,1234,5.0373746496160825
1,5c3c44b80379370013e0fd2b_train.csv,"(9737, 3067)",9,1234,4.716460776477525
1,5c3c44b80379370013e0fd2b_train.csv,"(9737, 3067)",10,1234,4.681877184139198
1,5c3c44b80379370013e0fd2b_train.csv,"(9737, 3067)",11,1234,4.6811360240255855
1,5c3c44b80379370013e0fd2b_train.csv,"(9737, 3067)",12,1234,4.545723898333387
1,5c3c44b80379370013e0fd2b_train.csv,"(9737, 3067)",13,1234,4.500789559227043
1,5c3c44b80379370013e0fd2b_train.csv,"(9737, 3067)",14,1234,4.527553910606495
1,5c3c44b80379370013e0fd2b_train.csv,"(9737, 3067)",15,1234,4.795191007118296
1,5c3c44b80379370013e0fd2b_train.csv,"(9737, 3067)",16,1234,4.831180430323012
1,5c3c44b80379370013e0fd2b_train.csv,"(9737, 3067)",17,1234,4.801972721142771
1,5c3c44b80379370013e0fd2b_train.csv,"(9737, 3067)",18,1234,4.828945666717517
1,5c3c44b80379370013e0fd2b_train.csv,"(9737, 3067)",19,1234,4.432626514315238
1,5c3c44b80379370013e0fd2b_train.csv,"(9737, 3067)",999,1234,4.716113030029552
2,5d27075f03f801723c2e360f_train.csv,"(23666, 7033)",0,1234,3.9402340399227223
2,5d27075f03f801723c2e360f_train.csv,"(23666, 7033)",1,1234,3.887860102500927
2,5d27075f03f801723c2e360f_train.csv,"(23666, 7033)",2,1234,3.9388871895252757
2,5d27075f03f801723c2e360f_train.csv,"(23666, 7033)",3,1234,3.8346969179130035
2,5d27075f03f801723c2e360f_train.csv,"(23666, 7033)",4,1234,3.9082539373469745
2,5d27075f03f801723c2e360f_train.csv,"(23666, 7033)",5,1234,3.7394657588009688
2,5d27075f03f801723c2e360f_train.csv,"(23666, 7033)",6,1234,4.009093027559218
2,5d27075f03f801723c2e360f_train.csv,"(23666, 7033)",7,1234,3.8809483114817085
2,5d27075f03f801723c2e360f_train.csv,"(23666, 7033)",8,1234,3.8666249779853317
2,5d27075f03f801723c2e360f_train.csv,"(23666, 7033)",9,1234,3.9787462196981433
2,5d27075f03f801723c2e360f_train.csv,"(23666, 7033)",10,1234,3.8286326323970665
2,5d27075f03f801723c2e360f_train.csv,"(23666, 7033)",11,1234,3.7524389450794504
2,5d27075f03f801723c2e360f_train.csv,"(23666, 7033)",12,1234,3.771128497741928
2,5d27075f03f801723c2e360f_train.csv,"(23666, 7033)",13,1234,4.10181301264782
2,5d27075f03f801723c2e360f_train.csv,"(23666, 7033)",14,1234,3.788614742659281
2,5d27075f03f801723c2e360f_train.csv,"(23666, 7033)",15,1234,3.7984286243727174
2,5d27075f03f801723c2e360f_train.csv,"(23666, 7033)",16,1234,3.97343897601546
2,5d27075f03f801723c2e360f_train.csv,"(23666, 7033)",17,1234,4.066111006000188
2,5d27075f03f801723c2e360f_train.csv,"(23666, 7033)",18,1234,3.896454236435911
2,5d27075f03f801723c2e360f_train.csv,"(23666, 7033)",19,1234,3.943510418004554
2,5d27075f03f801723c2e360f_train.csv,"(23666, 7033)",999,1234,3.8952639144803887
3,5d27096c03f801723c31e5e0_train.csv,"(9100, 4968)",0,1234,2.563860541192654
3,5d27096c03f801723c31e5e0_train.csv,"(9100, 4968)",1,1234,2.665390197952235
3,5d27096c03f801723c31e5e0_train.csv,"(9100, 4968)",2,1234,2.7086763454335316
3,5d27096c03f801723c31e5e0_train.csv,"(9100, 4968)",3,1234,2.747326752650536
3,5d27096c03f801723c31e5e0_train.csv,"(9100, 4968)",4,1234,2.7519770544915145
3,5d27096c03f801723c31e5e0_train.csv,"(9100, 4968)",5,1234,2.7513862173420187
3,5d27096c03f801723c31e5e0_train.csv,"(9100, 4968)",6,1234,2.584793308938666
3,5d27096c03f801723c31e5e0_train.csv,"(9100, 4968)",7,1234,2.597614691699302
3,5d27096c03f801723c31e5e0_train.csv,"(9100, 4968)",8,1234,2.6248797118287346
3,5d27096c03f801723c31e5e0_train.csv,"(9100, 4968)",9,1234,2.5498108859362723
3,5d27096c03f801723c31e5e0_train.csv,"(9100, 4968)",10,1234,2.235736189240766
3,5d27096c03f801723c31e5e0_train.csv,"(9100, 4968)",11,1234,2.6221675853558986
3,5d27096c03f801723c31e5e0_train.csv,"(9100, 4968)",12,1234,2.542323271143315
3,5d27096c03f801723c31e5e0_train.csv,"(9100, 4968)",13,1234,2.5511910950136767
3,5d27096c03f801723c31e5e0_train.csv,"(9100, 4968)",14,1234,2.627559884766585
3,5d27096c03f801723c31e5e0_train.csv,"(9100, 4968)",15,1234,2.7156169552267513
3,5d27096c03f801723c31e5e0_train.csv,"(9100, 4968)",16,1234,2.582775184879422
3,5d27096c03f801723c31e5e0_train.csv,"(9100, 4968)",17,1234,2.6641086416026547
3,5d27096c03f801723c31e5e0_train.csv,"(9100, 4968)",18,1234,2.5011872771275523
3,5d27096c03f801723c31e5e0_train.csv,"(9100, 4968)",19,1234,2.834704899946262
3,5d27096c03f801723c31e5e0_train.csv,"(9100, 4968)",999,1234,2.621154334588418
4,5d27097f03f801723c320d97_train.csv,"(10507, 2494)",0,1234,4.76435517871882
4,5d27097f03f801723c320d97_train.csv,"(10507, 2494)",1,1234,4.954652109616727
4,5d27097f03f801723c320d97_train.csv,"(10507, 2494)",2,1234,5.005034740344206
4,5d27097f03f801723c320d97_train.csv,"(10507, 2494)",3,1234,5.495088390336486
4,5d27097f03f801723c320d97_train.csv,"(10507, 2494)",4,1234,4.6326788434880255
4,5d27097f03f801723c320d97_train.csv,"(10507, 2494)",5,1234,4.626130269992072
4,5d27097f03f801723c320d97_train.csv,"(10507, 2494)",6,1234,4.974377496496422
4,5d27097f03f801723c320d97_train.csv,"(10507, 2494)",7,1234,4.934476391569028
4,5d27097f03f801723c320d97_train.csv,"(10507, 2494)",8,1234,4.9480171913869695
4,5d27097f03f801723c320d97_train.csv,"(10507, 2494)",9,1234,4.643851270760341
4,5d27097f03f801723c320d97_train.csv,"(10507, 2494)",10,1234,4.677556386520936
4,5d27097f03f801723c320d97_train.csv,"(10507, 2494)",11,1234,4.848273502053761
4,5d27097f03f801723c320d97_train.csv,"(10507, 2494)",12,1234,4.544240392906794
4,5d27097f03f801723c320d97_train.csv,"(10507, 2494)",13,1234,4.7745752960543
4,5d27097f03f801723c320d97_train.csv,"(10507, 2494)",14,1234,4.623194078138391
4,5d27097f03f801723c320d97_train.csv,"(10507, 2494)",15,1234,5.394187949747334
4,5d27097f03f801723c320d97_train.csv,"(10507, 2494)",16,1234,4.834950275515842
4,5d27097f03f801723c320d97_train.csv,"(10507, 2494)",17,1234,4.708617346313144
4,5d27097f03f801723c320d97_train.csv,"(10507, 2494)",18,1234,5.172509401782811
4,5d27097f03f801723c320d97_train.csv,"(10507, 2494)",19,1234,4.631264069691545
4,5d27097f03f801723c320d97_train.csv,"(10507, 2494)",999,1234,4.8594430734064735
5,5d27099f03f801723c32511d_train.csv,"(4251, 929)",0,1234,2.6019449244183646
5,5d27099f03f801723c32511d_train.csv,"(4251, 929)",1,1234,2.6380559737540863
5,5d27099f03f801723c32511d_train.csv,"(4251, 929)",2,1234,2.85453689891657
5,5d27099f03f801723c32511d_train.csv,"(4251, 929)",3,1234,2.6393195887971506
5,5d27099f03f801723c32511d_train.csv,"(4251, 929)",4,1234,2.761645206679383
5,5d27099f03f801723c32511d_train.csv,"(4251, 929)",5,1234,2.6203938965828164
5,5d27099f03f801723c32511d_train.csv,"(4251, 929)",6,1234,2.4309626067549845
5,5d27099f03f801723c32511d_train.csv,"(4251, 929)",7,1234,2.5708529024959526
5,5d27099f03f801723c32511d_train.csv,"(4251, 929)",8,1234,2.6391674399011813
5,5d27099f03f801723c32511d_train.csv,"(4251, 929)",9,1234,2.599569665917182
5,5d27099f03f801723c32511d_train.csv,"(4251, 929)",10,1234,2.661880662741017
5,5d27099f03f801723c32511d_train.csv,"(4251, 929)",11,1234,2.644431209185217
5,5d27099f03f801723c32511d_train.csv,"(4251, 929)",12,1234,2.870753491862245
5,5d27099f03f801723c32511d_train.csv,"(4251, 929)",13,1234,3.005217741506961
5,5d27099f03f801723c32511d_train.csv,"(4251, 929)",14,1234,2.676519679449396
5,5d27099f03f801723c32511d_train.csv,"(4251, 929)",15,1234,2.666178993149008
5,5d27099f03f801723c32511d_train.csv,"(4251, 929)",16,1234,2.6405892662608146
5,5d27099f03f801723c32511d_train.csv,"(4251, 929)",17,1234,2.733354202402422
5,5d27099f03f801723c32511d_train.csv,"(4251, 929)",18,1234,2.8334671262026188
5,5d27099f03f801723c32511d_train.csv,"(4251, 929)",19,1234,2.794722937104597
5,5d27099f03f801723c32511d_train.csv,"(4251, 929)",999,1234,2.6940329300287784
6,5d2709a003f801723c3251bf_train.csv,"(3940, 1256)",0,1234,2.939381938685412
6,5d2709a003f801723c3251bf_train.csv,"(3940, 1256)",1,1234,3.1009803989025073
6,5d2709a003f801723c3251bf_train.csv,"(3940, 1256)",2,1234,3.0028803276404443
6,5d2709a003f801723c3251bf_train.csv,"(3940, 1256)",3,1234,2.7522673426547875
6,5d2709a003f801723c3251bf_train.csv,"(3940, 1256)",4,1234,2.975135870106952
6,5d2709a003f801723c3251bf_train.csv,"(3940, 1256)",5,1234,3.3828101783599136
6,5d2709a003f801723c3251bf_train.csv,"(3940, 1256)",6,1234,2.9219882053968442
6,5d2709a003f801723c3251bf_train.csv,"(3940, 1256)",7,1234,2.835091468083308
6,5d2709a003f801723c3251bf_train.csv,"(3940, 1256)",8,1234,2.8082437834809912
6,5d2709a003f801723c3251bf_train.csv,"(3940, 1256)",9,1234,2.9134183688671675
6,5d2709a003f801723c3251bf_train.csv,"(3940, 1256)",10,1234,2.882935325659084
6,5d2709a003f801723c3251bf_train.csv,"(3940, 1256)",11,1234,2.823364907809004
6,5d2709a003f801723c3251bf_train.csv,"(3940, 1256)",12,1234,2.989661387364582
6,5d2709a003f801723c3251bf_train.csv,"(3940, 1256)",13,1234,3.129799635845913
6,5d2709a003f801723c3251bf_train.csv,"(3940, 1256)",14,1234,2.859063795323703
6,5d2709a003f801723c3251bf_train.csv,"(3940, 1256)",15,1234,2.8913099690446815
6,5d2709a003f801723c3251bf_train.csv,"(3940, 1256)",16,1234,3.032549525211029
6,5d2709a003f801723c3251bf_train.csv,"(3940, 1256)",17,1234,2.921314920410966
6,5d2709a003f801723c3251bf_train.csv,"(3940, 1256)",18,1234,2.9288240889483874
6,5d2709a003f801723c3251bf_train.csv,"(3940, 1256)",19,1234,3.501975817436373
6,5d2709a003f801723c3251bf_train.csv,"(3940, 1256)",999,1234,2.9796498627616033
7,5d2709b303f801723c327472_train.csv,"(15358, 1917)",0,1234,2.99152897737475
7,5d2709b303f801723c327472_train.csv,"(15358, 1917)",1,1234,3.151073653632388
7,5d2709b303f801723c327472_train.csv,"(15358, 1917)",2,1234,3.240254477447825
7,5d2709b303f801723c327472_train.csv,"(15358, 1917)",3,1234,3.125331448656862
7,5d2709b303f801723c327472_train.csv,"(15358, 1917)",4,1234,3.0670839354600155
7,5d2709b303f801723c327472_train.csv,"(15358, 1917)",5,1234,3.1944284288786804
7,5d2709b303f801723c327472_train.csv,"(15358, 1917)",6,1234,3.0512129659922174
7,5d2709b303f801723c327472_train.csv,"(15358, 1917)",7,1234,3.0070849879845585
7,5d2709b303f801723c327472_train.csv,"(15358, 1917)",8,1234,3.002684332294917
7,5d2709b303f801723c327472_train.csv,"(15358, 1917)",9,1234,3.0590773617753926
7,5d2709b303f801723c327472_train.csv,"(15358, 1917)",10,1234,3.0345100287687488
7,5d2709b303f801723c327472_train.csv,"(15358, 1917)",11,1234,3.095509776443777
7,5d2709b303f801723c327472_train.csv,"(15358, 1917)",12,1234,3.158537046150734
7,5d2709b303f801723c327472_train.csv,"(15358, 1917)",13,1234,3.1115534983242923
7,5d2709b303f801723c327472_train.csv,"(15358, 1917)",14,1234,3.0729611677882764
7,5d2709b303f801723c327472_train.csv,"(15358, 1917)",15,1234,3.240116714314997
7,5d2709b303f801723c327472_train.csv,"(15358, 1917)",16,1234,3.2188035699244346
7,5d2709b303f801723c327472_train.csv,"(15358, 1917)",17,1234,3.199699150151606
7,5d2709b303f801723c327472_train.csv,"(15358, 1917)",18,1234,3.1647879118383853
7,5d2709b303f801723c327472_train.csv,"(15358, 1917)",19,1234,3.1131892399502368
7,5d2709b303f801723c327472_train.csv,"(15358, 1917)",999,1234,3.1149683060183477
8,5d2709bb03f801723c32852c_train.csv,"(17203, 2456)",0,1234,3.470289951193388
8,5d2709bb03f801723c32852c_train.csv,"(17203, 2456)",1,1234,3.661850022990946
8,5d2709bb03f801723c32852c_train.csv,"(17203, 2456)",2,1234,3.860354048958171
8,5d2709bb03f801723c32852c_train.csv,"(17203, 2456)",3,1234,3.7942961415280827
8,5d2709bb03f801723c32852c_train.csv,"(17203, 2456)",4,1234,3.7635404094340434
8,5d2709bb03f801723c32852c_train.csv,"(17203, 2456)",5,1234,3.7606851259478775
8,5d2709bb03f801723c32852c_train.csv,"(17203, 2456)",6,1234,3.7262788772845807
8,5d2709bb03f801723c32852c_train.csv,"(17203, 2456)",7,1234,3.7576112977087743
8,5d2709bb03f801723c32852c_train.csv,"(17203, 2456)",8,1234,3.956663219903256
8,5d2709bb03f801723c32852c_train.csv,"(17203, 2456)",9,1234,3.706034001242509
8,5d2709bb03f801723c32852c_train.csv,"(17203, 2456)",10,1234,3.596165702987434
8,5d2709bb03f801723c32852c_train.csv,"(17203, 2456)",11,1234,3.871469265006152
8,5d2709bb03f801723c32852c_train.csv,"(17203, 2456)",12,1234,3.849655289140187
8,5d2709bb03f801723c32852c_train.csv,"(17203, 2456)",13,1234,3.5780467145822774
8,5d2709bb03f801723c32852c_train.csv,"(17203, 2456)",14,1234,3.709427615506701
8,5d2709bb03f801723c32852c_train.csv,"(17203, 2456)",15,1234,3.7146827272590595
8,5d2709bb03f801723c32852c_train.csv,"(17203, 2456)",16,1234,3.6520136564257237
8,5d2709bb03f801723c32852c_train.csv,"(17203, 2456)",17,1234,3.450929181632845
8,5d2709bb03f801723c32852c_train.csv,"(17203, 2456)",18,1234,3.938718082860416
8,5d2709bb03f801723c32852c_train.csv,"(17203, 2456)",19,1234,4.014249931667761
8,5d2709bb03f801723c32852c_train.csv,"(17203, 2456)",999,1234,3.7416345509752316
9,5d2709c303f801723c3299ee_train.csv,"(10083, 5835)",0,1234,3.3681298883226973
9,5d2709c303f801723c3299ee_train.csv,"(10083, 5835)",1,1234,3.375228235753403
9,5d2709c303f801723c3299ee_train.csv,"(10083, 5835)",2,1234,3.30673832971084
9,5d2709c303f801723c3299ee_train.csv,"(10083, 5835)",3,1234,3.3186392219815346
9,5d2709c303f801723c3299ee_train.csv,"(10083, 5835)",4,1234,3.4205817036603605
9,5d2709c303f801723c3299ee_train.csv,"(10083, 5835)",5,1234,3.544004644836649
9,5d2709c303f801723c3299ee_train.csv,"(10083, 5835)",6,1234,3.686349377533117
9,5d2709c303f801723c3299ee_train.csv,"(10083, 5835)",7,1234,3.5648070884589447
9,5d2709c303f801723c3299ee_train.csv,"(10083, 5835)",8,1234,3.3785427012204727
9,5d2709c303f801723c3299ee_train.csv,"(10083, 5835)",9,1234,3.47724665168484
9,5d2709c303f801723c3299ee_train.csv,"(10083, 5835)",10,1234,3.1823101976334316
9,5d2709c303f801723c3299ee_train.csv,"(10083, 5835)",11,1234,3.3808266708904564
9,5d2709c303f801723c3299ee_train.csv,"(10083, 5835)",12,1234,3.5001815760192123
9,5d2709c303f801723c3299ee_train.csv,"(10083, 5835)",13,1234,3.336106015616599
9,5d2709c303f801723c3299ee_train.csv,"(10083, 5835)",14,1234,3.321415181444584
9,5d2709c303f801723c3299ee_train.csv,"(10083, 5835)",15,1234,3.579977689524127
9,5d2709c303f801723c3299ee_train.csv,"(10083, 5835)",16,1234,3.3089807957520994
9,5d2709c303f801723c3299ee_train.csv,"(10083, 5835)",17,1234,3.5397594596802957
9,5d2709c303f801723c3299ee_train.csv,"(10083, 5835)",18,1234,3.602892438921033
9,5d2709c303f801723c3299ee_train.csv,"(10083, 5835)",19,1234,3.3733770973057404
9,5d2709c303f801723c3299ee_train.csv,"(10083, 5835)",999,1234,3.428281459812834
10,5d2709d403f801723c32bd39_train.csv,"(10027, 2143)",0,1234,2.6714006411330247
10,5d2709d403f801723c32bd39_train.csv,"(10027, 2143)",1,1234,2.7813633308801164
10,5d2709d403f801723c32bd39_train.csv,"(10027, 2143)",2,1234,2.7613706705389465
10,5d2709d403f801723c32bd39_train.csv,"(10027, 2143)",3,1234,2.7095475423571127
10,5d2709d403f801723c32bd39_train.csv,"(10027, 2143)",4,1234,2.7687981507728097
10,5d2709d403f801723c32bd39_train.csv,"(10027, 2143)",5,1234,2.6508058928462312
10,5d2709d403f801723c32bd39_train.csv,"(10027, 2143)",6,1234,2.71308595969252
10,5d2709d403f801723c32bd39_train.csv,"(10027, 2143)",7,1234,2.6491524265521
10,5d2709d403f801723c32bd39_train.csv,"(10027, 2143)",8,1234,2.9311161714317984
10,5d2709d403f801723c32bd39_train.csv,"(10027, 2143)",9,1234,2.629906188065324
10,5d2709d403f801723c32bd39_train.csv,"(10027, 2143)",10,1234,2.614311371252226
10,5d2709d403f801723c32bd39_train.csv,"(10027, 2143)",11,1234,2.6701843827295377
10,5d2709d403f801723c32bd39_train.csv,"(10027, 2143)",12,1234,2.741586971786273
10,5d2709d403f801723c32bd39_train.csv,"(10027, 2143)",13,1234,2.7074714179603347
10,5d2709d403f801723c32bd39_train.csv,"(10027, 2143)",14,1234,2.8402012110880763
10,5d2709d403f801723c32bd39_train.csv,"(10027, 2143)",15,1234,2.6931673261249314
10,5d2709d403f801723c32bd39_train.csv,"(10027, 2143)",16,1234,2.8435556975568455
10,5d2709d403f801723c32bd39_train.csv,"(10027, 2143)",17,1234,2.8374889850956637
10,5d2709d403f801723c32bd39_train.csv,"(10027, 2143)",18,1234,2.807104229694028
10,5d2709d403f801723c32bd39_train.csv,"(10027, 2143)",19,1234,2.8275847321040817
10,5d2709d403f801723c32bd39_train.csv,"(10027, 2143)",999,1234,2.7424461180132518
11,5d2709e003f801723c32d896_train.csv,"(11042, 1313)",0,1234,3.245714427616272
11,5d2709e003f801723c32d896_train.csv,"(11042, 1313)",1,1234,3.191918317361341
11,5d2709e003f801723c32d896_train.csv,"(11042, 1313)",2,1234,3.232556004958346
11,5d2709e003f801723c32d896_train.csv,"(11042, 1313)",3,1234,3.189780840531474
11,5d2709e003f801723c32d896_train.csv,"(11042, 1313)",4,1234,3.244706324032442
11,5d2709e003f801723c32d896_train.csv,"(11042, 1313)",5,1234,3.0404174942985263
11,5d2709e003f801723c32d896_train.csv,"(11042, 1313)",6,1234,3.1075203797402913
11,5d2709e003f801723c32d896_train.csv,"(11042, 1313)",7,1234,3.227471714399827
11,5d2709e003f801723c32d896_train.csv,"(11042, 1313)",8,1234,3.1397994300191865
11,5d2709e003f801723c32d896_train.csv,"(11042, 1313)",9,1234,3.1274710463482465
11,5d2709e003f801723c32d896_train.csv,"(11042, 1313)",10,1234,3.1197610857546705
11,5d2709e003f801723c32d896_train.csv,"(11042, 1313)",11,1234,3.329753120099369
11,5d2709e003f801723c32d896_train.csv,"(11042, 1313)",12,1234,3.123731144320132
11,5d2709e003f801723c32d896_train.csv,"(11042, 1313)",13,1234,3.2175686260308574
11,5d2709e003f801723c32d896_train.csv,"(11042, 1313)",14,1234,3.1222524862610768
11,5d2709e003f801723c32d896_train.csv,"(11042, 1313)",15,1234,3.164703465305889
11,5d2709e003f801723c32d896_train.csv,"(11042, 1313)",16,1234,3.119702219146655
11,5d2709e003f801723c32d896_train.csv,"(11042, 1313)",17,1234,3.082731502986121
11,5d2709e003f801723c32d896_train.csv,"(11042, 1313)",18,1234,3.3561062928011025
11,5d2709e003f801723c32d896_train.csv,"(11042, 1313)",19,1234,3.2655814448583977
11,5d2709e003f801723c32d896_train.csv,"(11042, 1313)",999,1234,3.1824689530209507
12,5da138274db8ce0c98bbd3d2_train.csv,"(2662, 494)",0,1234,3.633100476213458
12,5da138274db8ce0c98bbd3d2_train.csv,"(2662, 494)",1,1234,3.6425569014132786
12,5da138274db8ce0c98bbd3d2_train.csv,"(2662, 494)",2,1234,3.968818510973028
12,5da138274db8ce0c98bbd3d2_train.csv,"(2662, 494)",3,1234,3.0807023510873193
12,5da138274db8ce0c98bbd3d2_train.csv,"(2662, 494)",4,1234,3.7522711080649502
12,5da138274db8ce0c98bbd3d2_train.csv,"(2662, 494)",5,1234,3.9195714977296423
12,5da138274db8ce0c98bbd3d2_train.csv,"(2662, 494)",6,1234,2.9295750382514734
12,5da138274db8ce0c98bbd3d2_train.csv,"(2662, 494)",7,1234,3.3051196223101047
12,5da138274db8ce0c98bbd3d2_train.csv,"(2662, 494)",8,1234,3.9985623219344433
12,5da138274db8ce0c98bbd3d2_train.csv,"(2662, 494)",9,1234,3.640481182509343
12,5da138274db8ce0c98bbd3d2_train.csv,"(2662, 494)",10,1234,3.4689686295625823
12,5da138274db8ce0c98bbd3d2_train.csv,"(2662, 494)",11,1234,3.119802282735461
12,5da138274db8ce0c98bbd3d2_train.csv,"(2662, 494)",12,1234,3.7646948401520928
12,5da138274db8ce0c98bbd3d2_train.csv,"(2662, 494)",13,1234,3.285220171585612
12,5da138274db8ce0c98bbd3d2_train.csv,"(2662, 494)",14,1234,3.7449258322529304
12,5da138274db8ce0c98bbd3d2_train.csv,"(2662, 494)",15,1234,3.439462346336785
12,5da138274db8ce0c98bbd3d2_train.csv,"(2662, 494)",16,1234,3.4238696320008772
12,5da138274db8ce0c98bbd3d2_train.csv,"(2662, 494)",17,1234,3.381662937178762
12,5da138274db8ce0c98bbd3d2_train.csv,"(2662, 494)",18,1234,3.798271572198453
12,5da138274db8ce0c98bbd3d2_train.csv,"(2662, 494)",19,1234,3.672130867496626
12,5da138274db8ce0c98bbd3d2_train.csv,"(2662, 494)",999,1234,3.548555528776081
13,5da1382d4db8ce0c98bbe92e_train.csv,"(8999, 2866)",0,1234,3.591864674837539
13,5da1382d4db8ce0c98bbe92e_train.csv,"(8999, 2866)",1,1234,3.7209092525882954
13,5da1382d4db8ce0c98bbe92e_train.csv,"(8999, 2866)",2,1234,3.8018161626025835
13,5da1382d4db8ce0c98bbe92e_train.csv,"(8999, 2866)",3,1234,3.9966501601030964
13,5da1382d4db8ce0c98bbe92e_train.csv,"(8999, 2866)",4,1234,3.8197614821126584
13,5da1382d4db8ce0c98bbe92e_train.csv,"(8999, 2866)",5,1234,3.743540679892246
13,5da1382d4db8ce0c98bbe92e_train.csv,"(8999, 2866)",6,1234,3.8449878380150575
13,5da1382d4db8ce0c98bbe92e_train.csv,"(8999, 2866)",7,1234,3.9548886830822814
13,5da1382d4db8ce0c98bbe92e_train.csv,"(8999, 2866)",8,1234,3.722393102330581
13,5da1382d4db8ce0c98bbe92e_train.csv,"(8999, 2866)",9,1234,3.6676983311590985
13,5da1382d4db8ce0c98bbe92e_train.csv,"(8999, 2866)",10,1234,3.609657316790219
13,5da1382d4db8ce0c98bbe92e_train.csv,"(8999, 2866)",11,1234,3.821573272597067
13,5da1382d4db8ce0c98bbe92e_train.csv,"(8999, 2866)",12,1234,3.768771709848811
13,5da1382d4db8ce0c98bbe92e_train.csv,"(8999, 2866)",13,1234,3.6155155926296043
13,5da1382d4db8ce0c98bbe92e_train.csv,"(8999, 2866)",14,1234,3.7325386618575944
13,5da1382d4db8ce0c98bbe92e_train.csv,"(8999, 2866)",15,1234,3.7819153903603135
13,5da1382d4db8ce0c98bbe92e_train.csv,"(8999, 2866)",16,1234,3.6044858591229847
13,5da1382d4db8ce0c98bbe92e_train.csv,"(8999, 2866)",17,1234,3.8703722796444144
13,5da1382d4db8ce0c98bbe92e_train.csv,"(8999, 2866)",18,1234,3.9984640113290792
13,5da1382d4db8ce0c98bbe92e_train.csv,"(8999, 2866)",19,1234,3.810947920578859
13,5da1382d4db8ce0c98bbe92e_train.csv,"(8999, 2866)",999,1234,3.7739335063614283
14,5da138314db8ce0c98bbf3a0_train.csv,"(9012, 1216)",0,1234,2.2465143392978777
14,5da138314db8ce0c98bbf3a0_train.csv,"(9012, 1216)",1,1234,2.189829349289293
14,5da138314db8ce0c98bbf3a0_train.csv,"(9012, 1216)",2,1234,2.340337715071371
14,5da138314db8ce0c98bbf3a0_train.csv,"(9012, 1216)",3,1234,2.055089253807657
14,5da138314db8ce0c98bbf3a0_train.csv,"(9012, 1216)",4,1234,2.2271718179807243
14,5da138314db8ce0c98bbf3a0_train.csv,"(9012, 1216)",5,1234,2.2628067692549023
14,5da138314db8ce0c98bbf3a0_train.csv,"(9012, 1216)",6,1234,2.1871065509037013
14,5da138314db8ce0c98bbf3a0_train.csv,"(9012, 1216)",7,1234,2.388089567026949
14,5da138314db8ce0c98bbf3a0_train.csv,"(9012, 1216)",8,1234,2.105958186492603
14,5da138314db8ce0c98bbf3a0_train.csv,"(9012, 1216)",9,1234,2.2025324067620704
14,5da138314db8ce0c98bbf3a0_train.csv,"(9012, 1216)",10,1234,2.135740425899514
14,5da138314db8ce0c98bbf3a0_train.csv,"(9012, 1216)",11,1234,2.0892616538922613
14,5da138314db8ce0c98bbf3a0_train.csv,"(9012, 1216)",12,1234,2.233249781071774
14,5da138314db8ce0c98bbf3a0_train.csv,"(9012, 1216)",13,1234,2.3390793236400373
14,5da138314db8ce0c98bbf3a0_train.csv,"(9012, 1216)",14,1234,2.2675678672637396
14,5da138314db8ce0c98bbf3a0_train.csv,"(9012, 1216)",15,1234,2.18784472985442
14,5da138314db8ce0c98bbf3a0_train.csv,"(9012, 1216)",16,1234,2.1923903720991444
14,5da138314db8ce0c98bbf3a0_train.csv,"(9012, 1216)",17,1234,2.344567922536156
14,5da138314db8ce0c98bbf3a0_train.csv,"(9012, 1216)",18,1234,2.0380753885431524
14,5da138314db8ce0c98bbf3a0_train.csv,"(9012, 1216)",19,1234,2.1663095825896623
14,5da138314db8ce0c98bbf3a0_train.csv,"(9012, 1216)",999,1234,2.2099662438426915
15,5da138364db8ce0c98bc00f1_train.csv,"(2767, 826)",0,1234,2.4384076236540704
15,5da138364db8ce0c98bc00f1_train.csv,"(2767, 826)",1,1234,2.5302273024828827
15,5da138364db8ce0c98bc00f1_train.csv,"(2767, 826)",2,1234,2.540841491305061
15,5da138364db8ce0c98bc00f1_train.csv,"(2767, 826)",3,1234,2.684307490742221
15,5da138364db8ce0c98bc00f1_train.csv,"(2767, 826)",4,1234,2.664908078461746
15,5da138364db8ce0c98bc00f1_train.csv,"(2767, 826)",5,1234,2.904207386431757
15,5da138364db8ce0c98bc00f1_train.csv,"(2767, 826)",6,1234,2.4666945756625585
15,5da138364db8ce0c98bc00f1_train.csv,"(2767, 826)",7,1234,2.5209452808834354
15,5da138364db8ce0c98bc00f1_train.csv,"(2767, 826)",8,1234,2.742125473920567
15,5da138364db8ce0c98bc00f1_train.csv,"(2767, 826)",9,1234,2.489475437309954
15,5da138364db8ce0c98bc00f1_train.csv,"(2767, 826)",10,1234,2.7853095763158655
15,5da138364db8ce0c98bc00f1_train.csv,"(2767, 826)",11,1234,2.86354419471092
15,5da138364db8ce0c98bc00f1_train.csv,"(2767, 826)",12,1234,2.689988974192415
15,5da138364db8ce0c98bc00f1_train.csv,"(2767, 826)",13,1234,2.5535554306899346
15,5da138364db8ce0c98bc00f1_train.csv,"(2767, 826)",14,1234,2.886086861616772
15,5da138364db8ce0c98bc00f1_train.csv,"(2767, 826)",15,1234,2.850840184922358
15,5da138364db8ce0c98bc00f1_train.csv,"(2767, 826)",16,1234,2.8781782546072927
15,5da138364db8ce0c98bc00f1_train.csv,"(2767, 826)",17,1234,2.41976582746667
15,5da138364db8ce0c98bc00f1_train.csv,"(2767, 826)",18,1234,2.878387616819041
15,5da138364db8ce0c98bc00f1_train.csv,"(2767, 826)",19,1234,2.288317291022871
15,5da138364db8ce0c98bc00f1_train.csv,"(2767, 826)",999,1234,2.653680294431832
16,5da1383b4db8ce0c98bc11ab_train.csv,"(13196, 1529)",0,1234,3.3705053722929885
16,5da1383b4db8ce0c98bc11ab_train.csv,"(13196, 1529)",1,1234,3.478735368780769
16,5da1383b4db8ce0c98bc11ab_train.csv,"(13196, 1529)",2,1234,3.3077919861651397
16,5da1383b4db8ce0c98bc11ab_train.csv,"(13196, 1529)",3,1234,3.2334597610773312
16,5da1383b4db8ce0c98bc11ab_train.csv,"(13196, 1529)",4,1234,3.3895234164869055
16,5da1383b4db8ce0c98bc11ab_train.csv,"(13196, 1529)",5,1234,3.2430264939103486
16,5da1383b4db8ce0c98bc11ab_train.csv,"(13196, 1529)",6,1234,3.281608469520629
16,5da1383b4db8ce0c98bc11ab_train.csv,"(13196, 1529)",7,1234,3.182961198702781
16,5da1383b4db8ce0c98bc11ab_train.csv,"(13196, 1529)",8,1234,3.2739853165004122
16,5da1383b4db8ce0c98bc11ab_train.csv,"(13196, 1529)",9,1234,3.3256391753138304
16,5da1383b4db8ce0c98bc11ab_train.csv,"(13196, 1529)",10,1234,3.25283225317397
16,5da1383b4db8ce0c98bc11ab_train.csv,"(13196, 1529)",11,1234,3.2159009570910615
16,5da1383b4db8ce0c98bc11ab_train.csv,"(13196, 1529)",12,1234,3.3845823209057087
16,5da1383b4db8ce0c98bc11ab_train.csv,"(13196, 1529)",13,1234,3.2583290908801423
16,5da1383b4db8ce0c98bc11ab_train.csv,"(13196, 1529)",14,1234,3.2445980074662684
16,5da1383b4db8ce0c98bc11ab_train.csv,"(13196, 1529)",15,1234,3.4446888587594486
16,5da1383b4db8ce0c98bc11ab_train.csv,"(13196, 1529)",16,1234,3.2696520671771934
16,5da1383b4db8ce0c98bc11ab_train.csv,"(13196, 1529)",17,1234,3.2409932187255377
16,5da1383b4db8ce0c98bc11ab_train.csv,"(13196, 1529)",18,1234,3.344300886088909
16,5da1383b4db8ce0c98bc11ab_train.csv,"(13196, 1529)",19,1234,3.295589573880888
16,5da1383b4db8ce0c98bc11ab_train.csv,"(13196, 1529)",999,1234,3.301939524671742
17,5da138754db8ce0c98bca82f_train.csv,"(7188, 1631)",0,1234,2.8875644753017164
17,5da138754db8ce0c98bca82f_train.csv,"(7188, 1631)",1,1234,2.8226642069271857
17,5da138754db8ce0c98bca82f_train.csv,"(7188, 1631)",2,1234,2.9340662458319318
17,5da138754db8ce0c98bca82f_train.csv,"(7188, 1631)",3,1234,3.299360093846583
17,5da138754db8ce0c98bca82f_train.csv,"(7188, 1631)",4,1234,3.0508334694976837
17,5da138754db8ce0c98bca82f_train.csv,"(7188, 1631)",5,1234,2.73601338998442
17,5da138754db8ce0c98bca82f_train.csv,"(7188, 1631)",6,1234,2.8697086416430757
17,5da138754db8ce0c98bca82f_train.csv,"(7188, 1631)",7,1234,2.849755877100992
17,5da138754db8ce0c98bca82f_train.csv,"(7188, 1631)",8,1234,2.786520305665809
17,5da138754db8ce0c98bca82f_train.csv,"(7188, 1631)",9,1234,3.0776585843713224
17,5da138754db8ce0c98bca82f_train.csv,"(7188, 1631)",10,1234,2.8234628544592746
17,5da138754db8ce0c98bca82f_train.csv,"(7188, 1631)",11,1234,2.9592059113431826
17,5da138754db8ce0c98bca82f_train.csv,"(7188, 1631)",12,1234,2.976059587596706
17,5da138754db8ce0c98bca82f_train.csv,"(7188, 1631)",13,1234,2.9010005700044705
17,5da138754db8ce0c98bca82f_train.csv,"(7188, 1631)",14,1234,2.947974554737715
17,5da138754db8ce0c98bca82f_train.csv,"(7188, 1631)",15,1234,3.2198444647488778
17,5da138754db8ce0c98bca82f_train.csv,"(7188, 1631)",16,1234,3.094660921641626
17,5da138754db8ce0c98bca82f_train.csv,"(7188, 1631)",17,1234,3.05212804810641
17,5da138754db8ce0c98bca82f_train.csv,"(7188, 1631)",18,1234,2.902881597978754
17,5da138754db8ce0c98bca82f_train.csv,"(7188, 1631)",19,1234,3.047657357066059
17,5da138754db8ce0c98bca82f_train.csv,"(7188, 1631)",999,1234,2.961916883982978
18,5da138764db8ce0c98bcaa46_train.csv,"(9420, 1892)",0,1234,3.562647128411246
18,5da138764db8ce0c98bcaa46_train.csv,"(9420, 1892)",1,1234,3.5498055302096727
18,5da138764db8ce0c98bcaa46_train.csv,"(9420, 1892)",2,1234,3.554223686455983
18,5da138764db8ce0c98bcaa46_train.csv,"(9420, 1892)",3,1234,3.759608402643598
18,5da138764db8ce0c98bcaa46_train.csv,"(9420, 1892)",4,1234,3.668333906043017
18,5da138764db8ce0c98bcaa46_train.csv,"(9420, 1892)",5,1234,3.5118481851319387
18,5da138764db8ce0c98bcaa46_train.csv,"(9420, 1892)",6,1234,3.5239295633116643
18,5da138764db8ce0c98bcaa46_train.csv,"(9420, 1892)",7,1234,3.3643954747695464
18,5da138764db8ce0c98bcaa46_train.csv,"(9420, 1892)",8,1234,3.7485937110353627
18,5da138764db8ce0c98bcaa46_train.csv,"(9420, 1892)",9,1234,3.6695112975627944
18,5da138764db8ce0c98bcaa46_train.csv,"(9420, 1892)",10,1234,3.2753567295883528
18,5da138764db8ce0c98bcaa46_train.csv,"(9420, 1892)",11,1234,3.4540147886199177
18,5da138764db8ce0c98bcaa46_train.csv,"(9420, 1892)",12,1234,3.4449547882874985
18,5da138764db8ce0c98bcaa46_train.csv,"(9420, 1892)",13,1234,3.589160772599219
18,5da138764db8ce0c98bcaa46_train.csv,"(9420, 1892)",14,1234,3.23748052867791
18,5da138764db8ce0c98bcaa46_train.csv,"(9420, 1892)",15,1234,3.4885614797111444
18,5da138764db8ce0c98bcaa46_train.csv,"(9420, 1892)",16,1234,3.2987998399401626
18,5da138764db8ce0c98bcaa46_train.csv,"(9420, 1892)",17,1234,3.651839135063438
18,5da138764db8ce0c98bcaa46_train.csv,"(9420, 1892)",18,1234,3.425445411867922
18,5da138764db8ce0c98bcaa46_train.csv,"(9420, 1892)",19,1234,3.563803733201279
18,5da138764db8ce0c98bcaa46_train.csv,"(9420, 1892)",999,1234,3.5171157046565833
19,5da1389e4db8ce0c98bd0547_train.csv,"(6312, 1025)",0,1234,3.6161620712932168
19,5da1389e4db8ce0c98bd0547_train.csv,"(6312, 1025)",1,1234,3.4831821495924005
19,5da1389e4db8ce0c98bd0547_train.csv,"(6312, 1025)",2,1234,3.7415206729494193
19,5da1389e4db8ce0c98bd0547_train.csv,"(6312, 1025)",3,1234,3.431279581975385
19,5da1389e4db8ce0c98bd0547_train.csv,"(6312, 1025)",4,1234,3.9170886707350765
19,5da1389e4db8ce0c98bd0547_train.csv,"(6312, 1025)",5,1234,3.587880722217048
19,5da1389e4db8ce0c98bd0547_train.csv,"(6312, 1025)",6,1234,3.5418510023440937
19,5da1389e4db8ce0c98bd0547_train.csv,"(6312, 1025)",7,1234,4.790263865986533
19,5da1389e4db8ce0c98bd0547_train.csv,"(6312, 1025)",8,1234,3.5530722881710317
19,5da1389e4db8ce0c98bd0547_train.csv,"(6312, 1025)",9,1234,4.099026240549821
19,5da1389e4db8ce0c98bd0547_train.csv,"(6312, 1025)",10,1234,3.823751543064998
19,5da1389e4db8ce0c98bd0547_train.csv,"(6312, 1025)",11,1234,3.5958628470657716
19,5da1389e4db8ce0c98bd0547_train.csv,"(6312, 1025)",12,1234,3.5010045124959017
19,5da1389e4db8ce0c98bd0547_train.csv,"(6312, 1025)",13,1234,4.009430835251963
19,5da1389e4db8ce0c98bd0547_train.csv,"(6312, 1025)",14,1234,3.65628499380539
19,5da1389e4db8ce0c98bd0547_train.csv,"(6312, 1025)",15,1234,4.032342242390282
19,5da1389e4db8ce0c98bd0547_train.csv,"(6312, 1025)",16,1234,3.4840016709344486
19,5da1389e4db8ce0c98bd0547_train.csv,"(6312, 1025)",17,1234,4.150298293835247
19,5da1389e4db8ce0c98bd0547_train.csv,"(6312, 1025)",18,1234,3.8820490069599747
19,5da1389e4db8ce0c98bd0547_train.csv,"(6312, 1025)",19,1234,3.7336817385084333
19,5da1389e4db8ce0c98bd0547_train.csv,"(6312, 1025)",999,1234,3.7814705245478097
20,5da138b74db8ce0c98bd4774_train.csv,"(17382, 3539)",0,1234,4.369844288207039
20,5da138b74db8ce0c98bd4774_train.csv,"(17382, 3539)",1,1234,4.414402252019692
20,5da138b74db8ce0c98bd4774_train.csv,"(17382, 3539)",2,1234,4.083581553392079
20,5da138b74db8ce0c98bd4774_train.csv,"(17382, 3539)",3,1234,4.2410185128892115
20,5da138b74db8ce0c98bd4774_train.csv,"(17382, 3539)",4,1234,4.175953777558664
20,5da138b74db8ce0c98bd4774_train.csv,"(17382, 3539)",5,1234,4.017170511391289
20,5da138b74db8ce0c98bd4774_train.csv,"(17382, 3539)",6,1234,3.968559806221892
20,5da138b74db8ce0c98bd4774_train.csv,"(17382, 3539)",7,1234,4.185843220109362
20,5da138b74db8ce0c98bd4774_train.csv,"(17382, 3539)",8,1234,4.144482739248274
20,5da138b74db8ce0c98bd4774_train.csv,"(17382, 3539)",9,1234,4.0264690157863265
20,5da138b74db8ce0c98bd4774_train.csv,"(17382, 3539)",10,1234,4.2101508827116145
20,5da138b74db8ce0c98bd4774_train.csv,"(17382, 3539)",11,1234,4.051650379095981
20,5da138b74db8ce0c98bd4774_train.csv,"(17382, 3539)",12,1234,4.167757830181611
20,5da138b74db8ce0c98bd4774_train.csv,"(17382, 3539)",13,1234,4.393380761541514
20,5da138b74db8ce0c98bd4774_train.csv,"(17382, 3539)",14,1234,4.161098209301917
20,5da138b74db8ce0c98bd4774_train.csv,"(17382, 3539)",15,1234,4.015313288851463
20,5da138b74db8ce0c98bd4774_train.csv,"(17382, 3539)",16,1234,4.1760517278872005
20,5da138b74db8ce0c98bd4774_train.csv,"(17382, 3539)",17,1234,4.275385902394287
20,5da138b74db8ce0c98bd4774_train.csv,"(17382, 3539)",18,1234,4.07219107546505
20,5da138b74db8ce0c98bd4774_train.csv,"(17382, 3539)",19,1234,4.107103954157881
20,5da138b74db8ce0c98bd4774_train.csv,"(17382, 3539)",999,1234,4.162896862603299
21,5da958dd46f8266d0737457b_train.csv,"(15148, 3503)",0,1234,3.381833463994196
21,5da958dd46f8266d0737457b_train.csv,"(15148, 3503)",1,1234,3.1435933208528635
21,5da958dd46f8266d0737457b_train.csv,"(15148, 3503)",2,1234,3.2274761588608505
21,5da958dd46f8266d0737457b_train.csv,"(15148, 3503)",3,1234,3.3619648255860732
21,5da958dd46f8266d0737457b_train.csv,"(15148, 3503)",4,1234,3.3320291962677797
21,5da958dd46f8266d0737457b_train.csv,"(15148, 3503)",5,1234,3.366753556418064
21,5da958dd46f8266d0737457b_train.csv,"(15148, 3503)",6,1234,3.1693336158899252
21,5da958dd46f8266d0737457b_train.csv,"(15148, 3503)",7,1234,3.170336788491935
21,5da958dd46f8266d0737457b_train.csv,"(15148, 3503)",8,1234,3.2218548413127275
21,5da958dd46f8266d0737457b_train.csv,"(15148, 3503)",9,1234,3.3194666311864656
21,5da958dd46f8266d0737457b_train.csv,"(15148, 3503)",10,1234,3.3025428326051167
21,5da958dd46f8266d0737457b_train.csv,"(15148, 3503)",11,1234,3.394099366010246
21,5da958dd46f8266d0737457b_train.csv,"(15148, 3503)",12,1234,3.260458306169108
21,5da958dd46f8266d0737457b_train.csv,"(15148, 3503)",13,1234,3.2293643320992445
21,5da958dd46f8266d0737457b_train.csv,"(15148, 3503)",14,1234,3.3474694119911783
21,5da958dd46f8266d0737457b_train.csv,"(15148, 3503)",15,1234,3.2174872052582435
21,5da958dd46f8266d0737457b_train.csv,"(15148, 3503)",16,1234,3.3334776857867516
21,5da958dd46f8266d0737457b_train.csv,"(15148, 3503)",17,1234,3.3103459659632466
21,5da958dd46f8266d0737457b_train.csv,"(15148, 3503)",18,1234,3.226525737816634
21,5da958dd46f8266d0737457b_train.csv,"(15148, 3503)",19,1234,3.254197829087201
21,5da958dd46f8266d0737457b_train.csv,"(15148, 3503)",999,1234,3.278525607483746
22,5dbc1d84c1eb61796cf7c010_train.csv,"(16174, 4523)",0,1234,4.2558025948989835
22,5dbc1d84c1eb61796cf7c010_train.csv,"(16174, 4523)",1,1234,4.324021457225794
22,5dbc1d84c1eb61796cf7c010_train.csv,"(16174, 4523)",2,1234,4.2827120231435245
22,5dbc1d84c1eb61796cf7c010_train.csv,"(16174, 4523)",3,1234,4.41664606204924
22,5dbc1d84c1eb61796cf7c010_train.csv,"(16174, 4523)",4,1234,4.4149192036847955
22,5dbc1d84c1eb61796cf7c010_train.csv,"(16174, 4523)",5,1234,4.327976590881595
22,5dbc1d84c1eb61796cf7c010_train.csv,"(16174, 4523)",6,1234,4.382017453771611
22,5dbc1d84c1eb61796cf7c010_train.csv,"(16174, 4523)",7,1234,4.589053535069536
22,5dbc1d84c1eb61796cf7c010_train.csv,"(16174, 4523)",8,1234,4.291122228440888
22,5dbc1d84c1eb61796cf7c010_train.csv,"(16174, 4523)",9,1234,4.664190854749645
22,5dbc1d84c1eb61796cf7c010_train.csv,"(16174, 4523)",10,1234,4.3625827435746025
22,5dbc1d84c1eb61796cf7c010_train.csv,"(16174, 4523)",11,1234,4.513602081513973
22,5dbc1d84c1eb61796cf7c010_train.csv,"(16174, 4523)",12,1234,4.7450227074245666
22,5dbc1d84c1eb61796cf7c010_train.csv,"(16174, 4523)",13,1234,4.599955289310294
22,5dbc1d84c1eb61796cf7c010_train.csv,"(16174, 4523)",14,1234,4.570419521492564
22,5dbc1d84c1eb61796cf7c010_train.csv,"(16174, 4523)",15,1234,4.278709231549132
22,5dbc1d84c1eb61796cf7c010_train.csv,"(16174, 4523)",16,1234,4.385494006167335
22,5dbc1d84c1eb61796cf7c010_train.csv,"(16174, 4523)",17,1234,4.227099259829659
22,5dbc1d84c1eb61796cf7c010_train.csv,"(16174, 4523)",18,1234,4.2371161595401405
22,5dbc1d84c1eb61796cf7c010_train.csv,"(16174, 4523)",19,1234,4.366462737098317
22,5dbc1d84c1eb61796cf7c010_train.csv,"(16174, 4523)",999,1234,4.411771338190307
23,5dc8cea7659e181adb076a3f_train.csv,"(15655, 4868)",0,1234,4.238850835735717
23,5dc8cea7659e181adb076a3f_train.csv,"(15655, 4868)",1,1234,4.347845333223823
23,5dc8cea7659e181adb076a3f_train.csv,"(15655, 4868)",2,1234,4.465483666388956
23,5dc8cea7659e181adb076a3f_train.csv,"(15655, 4868)",3,1234,4.2280721598369855
23,5dc8cea7659e181adb076a3f_train.csv,"(15655, 4868)",4,1234,4.411502634361739
23,5dc8cea7659e181adb076a3f_train.csv,"(15655, 4868)",5,1234,4.451743809966133
23,5dc8cea7659e181adb076a3f_train.csv,"(15655, 4868)",6,1234,4.296613250076929
23,5dc8cea7659e181adb076a3f_train.csv,"(15655, 4868)",7,1234,4.235067155830765
23,5dc8cea7659e181adb076a3f_train.csv,"(15655, 4868)",8,1234,4.5013392154834095
23,5dc8cea7659e181adb076a3f_train.csv,"(15655, 4868)",9,1234,4.399599829844766
23,5dc8cea7659e181adb076a3f_train.csv,"(15655, 4868)",10,1234,4.282668488425723
23,5dc8cea7659e181adb076a3f_train.csv,"(15655, 4868)",11,1234,4.68134921804293
23,5dc8cea7659e181adb076a3f_train.csv,"(15655, 4868)",12,1234,4.693586241435274
23,5dc8cea7659e181adb076a3f_train.csv,"(15655, 4868)",13,1234,4.249062356868703
23,5dc8cea7659e181adb076a3f_train.csv,"(15655, 4868)",14,1234,4.298832671010473
23,5dc8cea7659e181adb076a3f_train.csv,"(15655, 4868)",15,1234,4.268072340650825
23,5dc8cea7659e181adb076a3f_train.csv,"(15655, 4868)",16,1234,4.507395457887703
23,5dc8cea7659e181adb076a3f_train.csv,"(15655, 4868)",17,1234,4.526165932984748
23,5dc8cea7659e181adb076a3f_train.csv,"(15655, 4868)",18,1234,4.421392747402602
23,5dc8cea7659e181adb076a3f_train.csv,"(15655, 4868)",19,1234,4.205714082449114
23,5dc8cea7659e181adb076a3f_train.csv,"(15655, 4868)",999,1234,4.385517797859474
